{
  "0": {
    "precision": 0.9650655021834061,
    "recall": 0.973568281938326,
    "f1-score": 0.9692982456140351,
    "support": 227.0
  },
  "1": {
    "precision": 0.8765432098765432,
    "recall": 0.8838174273858921,
    "f1-score": 0.8801652892561983,
    "support": 241.0
  },
  "2": {
    "precision": 0.8620689655172413,
    "recall": 0.7936507936507936,
    "f1-score": 0.8264462809917356,
    "support": 126.0
  },
  "3": {
    "precision": 0.9624413145539906,
    "recall": 0.9903381642512077,
    "f1-score": 0.9761904761904762,
    "support": 207.0
  },
  "accuracy": 0.9225967540574282,
  "macro avg": {
    "precision": 0.9165297480327953,
    "recall": 0.9103436668065549,
    "f1-score": 0.9130250730131113,
    "support": 801.0
  },
  "weighted avg": {
    "precision": 0.9215515909409846,
    "recall": 0.9225967540574282,
    "f1-score": 0.9217905074176242,
    "support": 801.0
  }
}