{
  "0": {
    "precision": 0.96,
    "recall": 0.9515418502202643,
    "f1-score": 0.9557522123893806,
    "support": 227.0
  },
  "1": {
    "precision": 0.868995633187773,
    "recall": 0.8257261410788381,
    "f1-score": 0.8468085106382979,
    "support": 241.0
  },
  "2": {
    "precision": 0.8220338983050848,
    "recall": 0.7698412698412699,
    "f1-score": 0.7950819672131147,
    "support": 126.0
  },
  "3": {
    "precision": 0.9039301310043668,
    "recall": 1.0,
    "f1-score": 0.9495412844036697,
    "support": 207.0
  },
  "accuracy": 0.8976279650436954,
  "macro avg": {
    "precision": 0.8887399156243061,
    "recall": 0.8867773152850931,
    "f1-score": 0.8867959936611156,
    "support": 801.0
  },
  "weighted avg": {
    "precision": 0.8964266615513081,
    "recall": 0.8976279650436954,
    "f1-score": 0.896094852704908,
    "support": 801.0
  }
}