{
  "0": {
    "precision": 0.9444444444444444,
    "recall": 0.973568281938326,
    "f1-score": 0.9587852494577006,
    "support": 227.0
  },
  "1": {
    "precision": 0.8481675392670157,
    "recall": 0.6721991701244814,
    "f1-score": 0.75,
    "support": 241.0
  },
  "2": {
    "precision": 0.7121212121212122,
    "recall": 0.746031746031746,
    "f1-score": 0.7286821705426356,
    "support": 126.0
  },
  "3": {
    "precision": 0.8401639344262295,
    "recall": 0.9903381642512077,
    "f1-score": 0.9090909090909091,
    "support": 207.0
  },
  "accuracy": 0.8514357053682896,
  "macro avg": {
    "precision": 0.8362242825647255,
    "recall": 0.8455343405864403,
    "f1-score": 0.8366395822728113,
    "support": 801.0
  },
  "weighted avg": {
    "precision": 0.851983112366719,
    "recall": 0.8514357053682896,
    "f1-score": 0.846928868036315,
    "support": 801.0
  }
}