{
  "0": {
    "precision": 0.9650655021834061,
    "recall": 0.973568281938326,
    "f1-score": 0.9692982456140351,
    "support": 227.0
  },
  "1": {
    "precision": 0.896551724137931,
    "recall": 0.8630705394190872,
    "f1-score": 0.879492600422833,
    "support": 241.0
  },
  "2": {
    "precision": 0.8333333333333334,
    "recall": 0.8333333333333334,
    "f1-score": 0.8333333333333334,
    "support": 126.0
  },
  "3": {
    "precision": 0.9626168224299065,
    "recall": 0.9951690821256038,
    "f1-score": 0.9786223277909739,
    "support": 207.0
  },
  "accuracy": 0.9238451935081149,
  "macro avg": {
    "precision": 0.9143918455211443,
    "recall": 0.9162853092040876,
    "f1-score": 0.9151866267902938,
    "support": 801.0
  },
  "weighted avg": {
    "precision": 0.9230967749761114,
    "recall": 0.9238451935081149,
    "f1-score": 0.9232999254794261,
    "support": 801.0
  }
}