{
  "accuracy": 0.8976279650436954,
  "precision_macro": 0.8887399156243061,
  "precision_weighted": 0.8964266615513081,
  "recall_macro": 0.8867773152850931,
  "recall_weighted": 0.8976279650436954,
  "f1_macro": 0.8867959936611156,
  "f1_weighted": 0.896094852704908,
  "classification_report": {
    "0": {
      "precision": 0.96,
      "recall": 0.9515418502202643,
      "f1-score": 0.9557522123893806,
      "support": 227.0
    },
    "1": {
      "precision": 0.868995633187773,
      "recall": 0.8257261410788381,
      "f1-score": 0.8468085106382979,
      "support": 241.0
    },
    "2": {
      "precision": 0.8220338983050848,
      "recall": 0.7698412698412699,
      "f1-score": 0.7950819672131147,
      "support": 126.0
    },
    "3": {
      "precision": 0.9039301310043668,
      "recall": 1.0,
      "f1-score": 0.9495412844036697,
      "support": 207.0
    },
    "accuracy": 0.8976279650436954,
    "macro avg": {
      "precision": 0.8887399156243061,
      "recall": 0.8867773152850931,
      "f1-score": 0.8867959936611156,
      "support": 801.0
    },
    "weighted avg": {
      "precision": 0.8964266615513081,
      "recall": 0.8976279650436954,
      "f1-score": 0.896094852704908,
      "support": 801.0
    }
  },
  "confusion_matrix": [
    [
      216,
      7,
      4,
      0
    ],
    [
      5,
      199,
      17,
      20
    ],
    [
      4,
      23,
      97,
      2
    ],
    [
      0,
      0,
      0,
      207
    ]
  ],
  "roc_auc_ovr_macro": 0.9801440164999199,
  "roc_auc_ovr_weighted": 0.981309309936331,
  "metadata": {
    "n_samples": 801,
    "n_classes": 4,
    "class_names": [
      "Healthy",
      "IBD",
      "MS",
      "RA"
    ],
    "class_distribution": {
      "0": 227,
      "1": 241,
      "2": 126,
      "3": 207
    }
  }
}