{
  "accuracy": 0.8514357053682896,
  "precision_macro": 0.8362242825647255,
  "precision_weighted": 0.851983112366719,
  "recall_macro": 0.8455343405864403,
  "recall_weighted": 0.8514357053682896,
  "f1_macro": 0.8366395822728113,
  "f1_weighted": 0.846928868036315,
  "classification_report": {
    "0": {
      "precision": 0.9444444444444444,
      "recall": 0.973568281938326,
      "f1-score": 0.9587852494577006,
      "support": 227.0
    },
    "1": {
      "precision": 0.8481675392670157,
      "recall": 0.6721991701244814,
      "f1-score": 0.75,
      "support": 241.0
    },
    "2": {
      "precision": 0.7121212121212122,
      "recall": 0.746031746031746,
      "f1-score": 0.7286821705426356,
      "support": 126.0
    },
    "3": {
      "precision": 0.8401639344262295,
      "recall": 0.9903381642512077,
      "f1-score": 0.9090909090909091,
      "support": 207.0
    },
    "accuracy": 0.8514357053682896,
    "macro avg": {
      "precision": 0.8362242825647255,
      "recall": 0.8455343405864403,
      "f1-score": 0.8366395822728113,
      "support": 801.0
    },
    "weighted avg": {
      "precision": 0.851983112366719,
      "recall": 0.8514357053682896,
      "f1-score": 0.846928868036315,
      "support": 801.0
    }
  },
  "confusion_matrix": [
    [
      221,
      3,
      3,
      0
    ],
    [
      9,
      162,
      35,
      35
    ],
    [
      4,
      24,
      94,
      4
    ],
    [
      0,
      2,
      0,
      205
    ]
  ],
  "roc_auc_ovr_macro": 0.9662430422357768,
  "roc_auc_ovr_weighted": 0.9670980188348721,
  "metadata": {
    "n_samples": 801,
    "n_classes": 4,
    "class_names": [
      "Healthy",
      "IBD",
      "MS",
      "RA"
    ],
    "class_distribution": {
      "0": 227,
      "1": 241,
      "2": 126,
      "3": 207
    }
  }
}