{
  "accuracy": 0.9238451935081149,
  "precision_macro": 0.9143918455211443,
  "precision_weighted": 0.9230967749761114,
  "recall_macro": 0.9162853092040876,
  "recall_weighted": 0.9238451935081149,
  "f1_macro": 0.9151866267902938,
  "f1_weighted": 0.9232999254794261,
  "classification_report": {
    "0": {
      "precision": 0.9650655021834061,
      "recall": 0.973568281938326,
      "f1-score": 0.9692982456140351,
      "support": 227.0
    },
    "1": {
      "precision": 0.896551724137931,
      "recall": 0.8630705394190872,
      "f1-score": 0.879492600422833,
      "support": 241.0
    },
    "2": {
      "precision": 0.8333333333333334,
      "recall": 0.8333333333333334,
      "f1-score": 0.8333333333333334,
      "support": 126.0
    },
    "3": {
      "precision": 0.9626168224299065,
      "recall": 0.9951690821256038,
      "f1-score": 0.9786223277909739,
      "support": 207.0
    },
    "accuracy": 0.9238451935081149,
    "macro avg": {
      "precision": 0.9143918455211443,
      "recall": 0.9162853092040876,
      "f1-score": 0.9151866267902938,
      "support": 801.0
    },
    "weighted avg": {
      "precision": 0.9230967749761114,
      "recall": 0.9238451935081149,
      "f1-score": 0.9232999254794261,
      "support": 801.0
    }
  },
  "confusion_matrix": [
    [
      221,
      4,
      1,
      1
    ],
    [
      6,
      208,
      20,
      7
    ],
    [
      2,
      19,
      105,
      0
    ],
    [
      0,
      1,
      0,
      206
    ]
  ],
  "roc_auc_ovr_macro": 0.9849814903899846,
  "roc_auc_ovr_weighted": 0.9858124587824506,
  "metadata": {
    "n_samples": 801,
    "n_classes": 4,
    "class_names": [
      "Healthy",
      "IBD",
      "MS",
      "RA"
    ],
    "class_distribution": {
      "0": 227,
      "1": 241,
      "2": 126,
      "3": 207
    }
  }
}