{
  "accuracy": 0.9225967540574282,
  "precision_macro": 0.9165297480327953,
  "precision_weighted": 0.9215515909409846,
  "recall_macro": 0.9103436668065549,
  "recall_weighted": 0.9225967540574282,
  "f1_macro": 0.9130250730131113,
  "f1_weighted": 0.9217905074176242,
  "classification_report": {
    "0": {
      "precision": 0.9650655021834061,
      "recall": 0.973568281938326,
      "f1-score": 0.9692982456140351,
      "support": 227.0
    },
    "1": {
      "precision": 0.8765432098765432,
      "recall": 0.8838174273858921,
      "f1-score": 0.8801652892561983,
      "support": 241.0
    },
    "2": {
      "precision": 0.8620689655172413,
      "recall": 0.7936507936507936,
      "f1-score": 0.8264462809917356,
      "support": 126.0
    },
    "3": {
      "precision": 0.9624413145539906,
      "recall": 0.9903381642512077,
      "f1-score": 0.9761904761904762,
      "support": 207.0
    },
    "accuracy": 0.9225967540574282,
    "macro avg": {
      "precision": 0.9165297480327953,
      "recall": 0.9103436668065549,
      "f1-score": 0.9130250730131113,
      "support": 801.0
    },
    "weighted avg": {
      "precision": 0.9215515909409846,
      "recall": 0.9225967540574282,
      "f1-score": 0.9217905074176242,
      "support": 801.0
    }
  },
  "confusion_matrix": [
    [
      221,
      4,
      1,
      1
    ],
    [
      6,
      213,
      15,
      7
    ],
    [
      2,
      24,
      100,
      0
    ],
    [
      0,
      2,
      0,
      205
    ]
  ],
  "roc_auc_ovr_macro": 0.987223779511224,
  "roc_auc_ovr_weighted": 0.9883097633797217,
  "metadata": {
    "n_samples": 801,
    "n_classes": 4,
    "class_names": [
      "Healthy",
      "IBD",
      "MS",
      "RA"
    ],
    "class_distribution": {
      "0": 227,
      "1": 241,
      "2": 126,
      "3": 207
    }
  }
}