{
  "accuracy": 0.8389513108614233,
  "precision_macro": 0.8216182695118596,
  "precision_weighted": 0.8419410379731269,
  "recall_macro": 0.833681412314045,
  "recall_weighted": 0.8389513108614233,
  "f1_macro": 0.8227720095076545,
  "f1_weighted": 0.8351172068280692,
  "classification_report": {
    "0": {
      "precision": 0.9396551724137931,
      "recall": 0.960352422907489,
      "f1-score": 0.9498910675381264,
      "support": 227.0
    },
    "1": {
      "precision": 0.8449197860962567,
      "recall": 0.6556016597510373,
      "f1-score": 0.7383177570093458,
      "support": 241.0
    },
    "2": {
      "precision": 0.6595744680851063,
      "recall": 0.7380952380952381,
      "f1-score": 0.6966292134831461,
      "support": 126.0
    },
    "3": {
      "precision": 0.8423236514522822,
      "recall": 0.9806763285024155,
      "f1-score": 0.90625,
      "support": 207.0
    },
    "accuracy": 0.8389513108614233,
    "macro avg": {
      "precision": 0.8216182695118596,
      "recall": 0.833681412314045,
      "f1-score": 0.8227720095076545,
      "support": 801.0
    },
    "weighted avg": {
      "precision": 0.8419410379731269,
      "recall": 0.8389513108614233,
      "f1-score": 0.8351172068280692,
      "support": 801.0
    }
  },
  "confusion_matrix": [
    [
      218,
      3,
      6,
      0
    ],
    [
      7,
      158,
      42,
      34
    ],
    [
      6,
      23,
      93,
      4
    ],
    [
      1,
      3,
      0,
      203
    ]
  ],
  "roc_auc_ovr_macro": 0.952145633121513,
  "roc_auc_ovr_weighted": 0.9541316804761888,
  "metadata": {
    "n_samples": 801,
    "n_classes": 4,
    "class_names": [
      "Healthy",
      "IBD",
      "MS",
      "RA"
    ],
    "class_distribution": {
      "0": 227,
      "1": 241,
      "2": 126,
      "3": 207
    }
  }
}